,PmEmo_twitter,DEAM_youtube,AMG1608_youtube,DEAM_reddit,AMG1608_twitter,PmEmo_reddit,DEAM2016_All,AMG1608_reddit,Deezer_twitter,PmEmo_All,AMG1608_All,PmEmo_youtube,DEAM2016_twitter,Deezer_All,Deezer_reddit
Valence_pearson,0.09342820565175536,-0.031032139822626342,0.2450322228516275,0.10250043916054093,0.04421523143025301,0.30437581243022177,0.07023953110118904,0.05284650229519894,0.05890283457500077,0.09342820565175532,0.04421523143025316,0.5485498209504075,0.07023953110118913,0.05890283457500073,0.08405482966387466
Valence_r2,-0.401837459791452,-0.42283853037273733,-0.84327306680797,-1.153491224222241,-0.5818970943974298,-1.1854865262367116,-2.313561536121145,-0.4275440385572822,-0.09036698008392285,-0.40183745979145225,-0.5818970943974304,-0.5383855746849662,-2.3135615361211443,-0.09036698008392285,-0.212937756805351
Valence_mse,0.07924223644729075,0.043304944669136515,0.05355740762076387,0.082792084170906,0.07247283935240344,0.09767677669903475,0.15187602925421703,0.041772345951257804,0.09892526217838675,0.07924223644729077,0.07247283935240345,0.06498108900919022,0.151876029254217,0.09892526217838675,0.09757911029983256
Arousal_pearson,-0.10023434989338875,-0.003530076082105753,0.32213632248908547,-0.03225245976491711,0.13276685785760045,0.04771647585134966,0.11378090343404251,0.1522096585851266,-0.0016760637532694002,-0.10023434989338881,0.13276685785760045,0.06153393219744862,0.11378090343404267,-0.0016760637532694245,0.07049564800292712
Arousal_r2,-1.2404783218805941,-0.7165974922960592,-0.5229247561488137,-0.4223900615719969,-0.29699692579765236,-1.7058531734954845,-0.4090438510209611,-0.5707538036151043,-0.7604377798795441,-1.2404783218805941,-0.29699692579765236,-0.5781501751633416,-0.4090438510209611,-0.7604377798795441,-0.2587443758324759
Arousal_mse,0.11148332893962558,0.07176692639363205,0.07303323025870949,0.06640479546180099,0.07526645872431038,0.1315782149042278,0.08083526669901565,0.07870095211296049,0.05644223680307885,0.11148332893962559,0.07526645872431038,0.06930597183309282,0.08083526669901565,0.05644223680307885,0.042352837562531186
